"Land_cover","Band1","Band2","Band3","Band4"
"Agriculture",0.0572980232536793,0.0750967711210251,0.0899946764111519,0.223597675561905
"Agriculture",0.0362944453954697,0.0436950661242008,0.0335866697132587,0.241986945271492
"Agriculture",0.0364999994635582,0.0443999990820885,0.0332999974489212,0.22579999268055
"Agriculture",0.0659925565123558,0.0775943621993065,0.0901945978403091,0.195286899805069
"Agriculture",0.0565962456166744,0.0704938396811485,0.0936894938349724,0.173983961343765
"Agriculture",0.0708920061588287,0.0868924111127853,0.1173951998353,0.186778545379639
"Agriculture",0.0593990944325924,0.0719943195581436,0.0897945463657379,0.139186516404152
"Agriculture",0.0673999935388565,0.0868000015616417,0.129999995231628,0.215499982237816
"Agriculture",0.0355999991297722,0.0481999963521957,0.0328999981284142,0.269699990749359
"Agriculture",0.0663996636867523,0.0853918641805649,0.115291230380535,0.218777805566788
"Agriculture",0.0484953820705414,0.0631948634982109,0.0692964717745781,0.189983710646629
"Agriculture",0.0612964928150177,0.0711908116936684,0.0876911580562592,0.172483533620834
"Agriculture",0.0479971803724766,0.0619945228099823,0.059099555015564,0.262096494436264
"Agriculture",0.036795724183321,0.0457948967814445,0.0336897075176239,0.250786691904068
"Agriculture",0.0658928453922272,0.0836929902434349,0.125584334135056,0.190784588456154
"Agriculture",0.0660963952541351,0.0866938978433609,0.103886418044567,0.260875672101974
"Agriculture",0.0697959288954735,0.0885958522558212,0.127192065119743,0.245994687080383
"Agriculture",0.0607940293848515,0.0649953782558441,0.0833966135978699,0.117895141243935
"Agriculture",0.0696963369846344,0.0803967043757439,0.107285745441914,0.163198038935661
"Agriculture",0.0636921748518944,0.079191692173481,0.103999011218548,0.17778654396534
"Agriculture",0.0445922166109085,0.0512929037213326,0.0479985401034355,0.172979056835175
"Agriculture",0.0490975193679333,0.0672992765903473,0.054987832903862,0.267196625471115
"Agriculture",0.0379999950528145,0.0461999997496605,0.0349999964237213,0.248899981379509
"Agriculture",0.0770997703075409,0.0976908877491951,0.124288998544216,0.201977238059044
"Agriculture",0.0539970435202122,0.0626963004469872,0.0813887193799019,0.164698824286461
"Agriculture",0.0524981543421745,0.0706922933459282,0.0605948232114315,0.267298132181168
"Agriculture",0.0507956594228745,0.0638966783881187,0.0696879103779793,0.197283729910851
"Agriculture",0.0490975193679333,0.0663990080356598,0.0729997903108597,0.197080433368683
"Agriculture",0.0529963485896587,0.0677930563688278,0.0768857821822166,0.177583768963814
"Agriculture",0.0439944006502628,0.0530982799828053,0.048893928527832,0.216997072100639
"Agriculture",0.0546945258975029,0.0658956319093704,0.0718957483768463,0.188877269625664
"Agriculture",0.0428940616548061,0.0538968965411186,0.0483897887170315,0.204698383808136
"Agriculture",0.061495803296566,0.0696903690695763,0.0908903181552887,0.150582239031792
"Agriculture",0.084494836628437,0.11059931665659,0.152793377637863,0.211286693811417
"Agriculture",0.0354999974370003,0.0421999990940094,0.0308999996632338,0.225700005888939
"Agriculture",0.0729930549860001,0.0859967842698097,0.118386343121529,0.169595286250114
"Agriculture",0.0590915381908417,0.0711908116936684,0.0918900445103645,0.139886677265167
"Agriculture",0.0392984598875046,0.0469996705651283,0.0396880693733692,0.2188920378685
"Agriculture",0.0708963051438332,0.0803920552134514,0.100487574934959,0.151078730821609
"Agriculture",0.036795724183321,0.0468943268060684,0.0333920381963253,0.266886979341507
"Agriculture",0.0379999950528145,0.0465999990701675,0.034000001847744,0.222699984908104
"Agriculture",0.0359999984502792,0.0420999974012375,0.0346999987959862,0.204899996519089
"Agriculture",0.0470961220562458,0.0592985227704048,0.0637852475047112,0.264092892408371
"Agriculture",0.0616951063275337,0.0685916766524315,0.0870998427271843,0.147886276245117
"Agriculture",0.0445965342223644,0.0555957779288292,0.0462860576808453,0.25408411026001
"Agriculture",0.061599999666214,0.0798999890685081,0.0981999933719635,0.24379999935627
"Agriculture",0.0604994036257267,0.0679914802312851,0.0813973098993301,0.150480285286903
"Agriculture",0.0434962064027786,0.0484952889382839,0.0402878522872925,0.241098389029503
"Agriculture",0.0537934824824333,0.0724975541234016,0.0599949955940247,0.300595134496689
"Agriculture",0.0334999933838844,0.0393999963998795,0.0297999996691942,0.212599992752075
"Agriculture",0.0670970380306244,0.0803920552134514,0.109197378158569,0.202383920550346
"Agriculture",0.0412955358624458,0.0494923777878284,0.0402878522872925,0.245091840624809
"Agriculture",0.0714983716607094,0.090197965502739,0.126392394304276,0.198682963848114
"Agriculture",0.0428983792662621,0.0579917021095753,0.0540924072265625,0.230796545743942
"Agriculture",0.0552966445684433,0.0706971064209938,0.0835879892110825,0.210676357150078
"Agriculture",0.0324952639639378,0.0380956567823887,0.0307912323623896,0.211085990071297
"Agriculture",0.0376999974250793,0.0447999984025955,0.0353999957442284,0.220799997448921
"Agriculture",0.0408969819545746,0.0470964722335339,0.0405834428966045,0.192387446761131
"Agriculture",0.0824933424592018,0.100493252277374,0.129183173179626,0.211681142449379
"Agriculture",0.0579955615103245,0.0729961842298508,0.0906903892755508,0.190276339650154
"Agriculture",0.0642985478043556,0.0839978381991386,0.112988092005253,0.20748408138752
"Agriculture",0.0542916543781757,0.0589984282851219,0.0823885202407837,0.123276062309742
"Agriculture",0.0517920590937138,0.0562976002693176,0.0619943849742413,0.103599533438683
"Agriculture",0.0537977702915668,0.0665974766016006,0.0786851570010185,0.185481116175652
"Agriculture",0.0509949661791325,0.068296380341053,0.0659845322370529,0.260977506637573
"Agriculture",0.0573976822197437,0.0670959874987602,0.0872999206185341,0.128783106803894
"Agriculture",0.0554916225373745,0.0797965750098228,0.0654890984296799,0.282394737005234
"Agriculture",0.0620937533676624,0.08139868080616,0.104190796613693,0.202981576323509
"Agriculture",0.0565962456166744,0.0714957341551781,0.091394267976284,0.185087397694588
"Agriculture",0.0609933584928513,0.0711956396698952,0.0850833356380463,0.163886621594429
"Agriculture",0.0619940273463726,0.068296380341053,0.0909860506653786,0.143687829375267
"Agriculture",0.0631982758641243,0.0811953842639923,0.0934895724058151,0.193786293268204
"Agriculture",0.0572980232536793,0.0649905800819397,0.0859956964850426,0.126582145690918
"Agriculture",0.0580994635820389,0.0673960447311401,0.0857873857021332,0.161380529403687
"Agriculture",0.049491748213768,0.0634949579834938,0.0578999742865562,0.234891802072525
"Agriculture",0.036795724183321,0.0417956374585629,0.0336897075176239,0.225789695978165
"Agriculture",0.0536938197910786,0.0763987153768539,0.0708960518240929,0.281097829341888
"Agriculture",0.0717931389808655,0.0909922271966934,0.125992760062218,0.188482820987701
"Agriculture",0.054499514400959,0.0621929615736008,0.0718957483768463,0.170576095581055
"Agriculture",0.0537934824824333,0.0736931934952736,0.0720956847071648,0.256996423006058
"Agriculture",0.0516924224793911,0.061399158090353,0.0726868957281113,0.147581577301025
"Agriculture",0.0623925477266312,0.0774927213788033,0.110292561352253,0.15289631485939
"Agriculture",0.051198560744524,0.0656971484422684,0.0754947364330292,0.174683481454849
"Agriculture",0.0711994916200638,0.0958951339125633,0.117091134190559,0.23939411342144
"Agriculture",0.0459914654493332,0.0574979744851589,0.0538838244974613,0.223597675561905
"Agriculture",0.06379184871912,0.0775991678237915,0.107789546251297,0.183586537837982
"Agriculture",0.0446999967098236,0.056999996304512,0.0473999977111816,0.278600007295609
"Agriculture",0.0470961220562458,0.0536936409771442,0.0497893951833248,0.179885566234589
"Agriculture",0.0425994694232941,0.0512929037213326,0.0417830646038055,0.228876486420631
"Agriculture",0.0571983829140663,0.0586935132741928,0.0747992917895317,0.139886677265167
"Agriculture",0.0908973217010498,0.105193093419075,0.144283145666122,0.222084581851959
"Agriculture",0.0575969405472279,0.0714957341551781,0.0813887193799019,0.17528124153614
"Agriculture",0.0367999970912933,0.0467999950051308,0.0318999961018562,0.308400005102158
"Agriculture",0.0469964891672134,0.0572995245456696,0.0475986488163471,0.249288842082024
"Agriculture",0.0412999987602234,0.054799996316433,0.0446999967098236,0.260500013828278
"Agriculture",0.0608937479555607,0.0750967711210251,0.0857958644628525,0.158175095915794
"Agriculture",0.0344952084124088,0.0420948453247547,0.029396329075098,0.272097080945969
"Agriculture",0.0558988079428673,0.0646904855966568,0.0880995914340019,0.155988290905952
"Agriculture",0.102896727621555,0.13009549677372,0.172188296914101,0.235998407006264
"Agriculture",0.0756920278072357,0.088794507086277,0.120490781962872,0.166887402534485
"Agriculture",0.0442976281046867,0.0585918687283993,0.0544836409389973,0.22919400036335
"Agriculture",0.0382999926805496,0.0454999953508377,0.0342999994754791,0.252499997615814
"Agriculture",0.0460997484624386,0.0583982467651367,0.0563875585794449,0.191484346985817
"Agriculture",0.0575969405472279,0.0670959874987602,0.0848919004201889,0.158086135983467
"Agriculture",0.0314929187297821,0.0367951914668083,0.0301905833184719,0.214486286044121
"Agriculture",0.0670970380306244,0.0843949094414711,0.116891272366047,0.15498274564743
"Agriculture",0.047295406460762,0.0575996115803719,0.0587867051362991,0.225976526737213
"Agriculture",0.0484996996819973,0.0642936155200005,0.0636896714568138,0.224781259894371
"Agriculture",0.0369999930262566,0.0448999926447868,0.0342999994754791,0.224299982190132
"Agriculture",0.0407973453402519,0.0462978407740593,0.0368888527154922,0.255088657140732
"Agriculture",0.049491748213768,0.0611910708248615,0.0608989857137203,0.224781259894371
"Agriculture",0.0450990572571754,0.0592985227704048,0.0608989857137203,0.201379060745239
"Agriculture",0.0523985214531422,0.0620913356542587,0.077685572206974,0.151078730821609
"Agriculture",0.0571983829140663,0.0709923803806305,0.0718957483768463,0.268188625574112
"Agriculture",0.0497993156313896,0.0654987618327141,0.0745991095900536,0.20187520980835
"Agriculture",0.0610999912023544,0.0772999972105026,0.108399994671345,0.200199991464615
"Agriculture",0.0590999945998192,0.0748999938368797,0.105499990284443,0.200399994850159
"Agriculture",0.0603997893631458,0.0704986080527306,0.0979921519756317,0.179478526115417
"Agriculture",0.0657932460308075,0.0825944542884827,0.112796664237976,0.198682963848114
"Agriculture",0.0518917180597782,0.0634949579834938,0.0850833356380463,0.165996327996254
"Agriculture",0.0485999956727028,0.0657999962568283,0.061599999666214,0.230700001120567
"Agriculture",0.0556995309889317,0.0640999674797058,0.0820926576852798,0.152997806668282
"Agriculture",0.0669974833726883,0.0775991678237915,0.0966969355940819,0.173983961343765
"Agriculture",0.050098218023777,0.061094231903553,0.0547879338264465,0.226395979523659
"Agriculture",0.0393999963998795,0.0461999997496605,0.0355999991297722,0.225299999117851
"Agriculture",0.0520996041595936,0.0630932524800301,0.0654976889491081,0.192590460181236
"Agriculture",0.0542916543781757,0.0601939670741558,0.0692964717745781,0.125476136803627
"Agriculture",0.0648922026157379,0.0780930146574974,0.105198822915554,0.191586002707481
"Agriculture",0.0391956456005573,0.0520987622439861,0.0448950119316578,0.239994719624519
"Agriculture",0.0464999973773956,0.0595999956130981,0.0456999987363815,0.273100018501282
"Agriculture",0.0453999936580658,0.062899999320507,0.0480999946594238,0.278899997472763
"Agriculture",0.0651954710483551,0.079598143696785,0.107493676245213,0.162384957075119
"Agriculture",0.0713945627212524,0.0917908251285553,0.11639542132616,0.172076061367989
"Agriculture",0.0571941062808037,0.0623962208628654,0.0865872651338577,0.133781000971794
"Agriculture",0.0469921678304672,0.0638966783881187,0.0513974875211716,0.261295318603516
"Agriculture",0.0484953820705414,0.0552908778190613,0.0563875585794449,0.183077350258827
"Agriculture",0.0576965808868408,0.078296110033989,0.0857958644628525,0.257988125085831
"Agriculture",0.0652950778603554,0.0772942900657654,0.106989800930023,0.174097925424576
"Agriculture",0.0385966636240482,0.0452959276735783,0.0360890999436378,0.237588122487068
"Agriculture",0.0539970435202122,0.0662973448634148,0.0680883303284645,0.212876722216606
"Agriculture",0.0539970435202122,0.0628947764635086,0.0699834451079369,0.140878051519394
"Agriculture",0.0388955995440483,0.049594022333622,0.0386883169412613,0.246274903416634
"Agriculture",0.0723952651023865,0.0855999067425728,0.117586717009544,0.159281611442566
"Agriculture",0.0561934150755405,0.0630932524800301,0.0829966738820076,0.15659736096859
"Agriculture",0.0568952299654484,0.0722943693399429,0.0764857903122902,0.213983207941055
"Agriculture",0.0424955263733864,0.0547971650958061,0.044295322149992,0.219477429986
"Agriculture",0.0537934824824333,0.0644968599081039,0.0758859515190125,0.187681600451469
"Agriculture",0.053299568593502,0.0649905800819397,0.0769899636507034,0.172687083482742
"Agriculture",0.051198560744524,0.0647969469428062,0.0772941783070564,0.158175095915794
"Agriculture",0.0398962683975697,0.0552956759929657,0.0462947189807892,0.240691512823105
"Agriculture",0.0837929248809814,0.10389120131731,0.140789732336998,0.222898453474045
"Agriculture",0.0592952035367489,0.0767956376075745,0.0915941447019577,0.181983679533005
"Agriculture",0.0578915737569332,0.0658956319093704,0.0897862613201141,0.12978857755661
"Agriculture",0.0593990944325924,0.0670912489295006,0.0906903892755508,0.155683502554893
"Agriculture",0.0575969405472279,0.0680931285023689,0.0825969055294991,0.156775772571564
"Agriculture",0.0596980005502701,0.0823909938335419,0.0795892924070358,0.273797065019608
"Agriculture",0.0579998530447483,0.0722943693399429,0.11098862439394,0.177277728915215
"Agriculture",0.0678942501544952,0.0824926346540451,0.122393451631069,0.193595260381699
"Agriculture",0.0469964891672134,0.0586935132741928,0.0512932389974594,0.225582376122475
"Agriculture",0.0620937533676624,0.0825944542884827,0.0934895724058151,0.237384781241417
"Agriculture",0.0504967570304871,0.0654987618327141,0.0608989857137203,0.234675750136375
"Agriculture",0.051599994301796,0.0620999932289124,0.0741999968886375,0.191399991512299
"Agriculture",0.0451986864209175,0.0561911500990391,0.0538838244974613,0.207280799746513
"Agriculture",0.0455929189920425,0.061094231903553,0.0461905002593994,0.263088315725327
"Agriculture",0.0459957830607891,0.0631948634982109,0.0530841387808323,0.25279912352562
"Agriculture",0.053299568593502,0.0646952539682388,0.0816842317581177,0.120896309614182
"Agriculture",0.0636921748518944,0.0720958933234215,0.0948974415659904,0.14128603041172
"Agriculture",0.0559984110295773,0.0696903690695763,0.092585563659668,0.165678724646568
"Agriculture",0.0558944940567017,0.0698984563350677,0.0877952426671982,0.157386839389801
"Agriculture",0.0407973453402519,0.0495988316833973,0.0381927937269211,0.226180091500282
"Agriculture",0.0507956594228745,0.0596906095743179,0.0598907619714737,0.155988290905952
"Agriculture",0.0412955358624458,0.050295814871788,0.0427913926541805,0.241797834634781
"Agriculture",0.050098218023777,0.0570962354540825,0.0509976670145988,0.229295521974564
"Agriculture",0.0406992435455322,0.0589978396892548,0.0453924052417278,0.273794054985046
"Agriculture",0.0498989336192608,0.0637998282909393,0.0589953027665615,0.25877720117569
"Agriculture",0.0414963588118553,0.0598957091569901,0.0500992015004158,0.285990536212921
"Agriculture",0.0774980634450912,0.0959920063614845,0.135294198989868,0.220189407467842
"Agriculture",0.049491748213768,0.0607989579439163,0.0634897947311401,0.20658104121685
"Agriculture",0.061495803296566,0.0762971118092537,0.0978881493210793,0.166976973414421
"Agriculture",0.081197664141655,0.0987944230437279,0.135294198989868,0.22679029405117
"Agriculture",0.0356999933719635,0.0428999960422516,0.0314999967813492,0.244699999690056
"Agriculture",0.0629990175366402,0.0758954361081123,0.0999916642904282,0.176375150680542
"Agriculture",0.050098218023777,0.0633933395147324,0.0714958533644676,0.16547517478466
"Agriculture",0.0616951063275337,0.0796997845172882,0.113396212458611,0.214682802557945
"Agriculture",0.0537934824824333,0.0633933395147324,0.0608989857137203,0.233683720231056
"Agriculture",0.0528966523706913,0.0643951967358589,0.0823969841003418,0.172877445816994
"Agriculture",0.0427944213151932,0.0544922687113285,0.0435998700559139,0.257187515497208
"Agriculture",0.0678985267877579,0.0927972197532654,0.115595154464245,0.202981576323509
"Agriculture",0.0583940893411636,0.0698936954140663,0.0810928866267204,0.166390582919121
"Agriculture",0.053799994289875,0.0808999910950661,0.0662999972701073,0.328700006008148
"Agriculture",0.0384999960660934,0.0481999963521957,0.0368999987840652,0.270700007677078
"Agriculture",0.0407973453402519,0.0477934665977955,0.0402878522872925,0.229893460869789
"Agriculture",0.0687995851039886,0.0803967043757439,0.104590535163879,0.163886621594429
"Agriculture",0.0459999963641167,0.0594999939203262,0.053399994969368,0.214399978518486
"Agriculture",0.0324952639639378,0.0396966710686684,0.0310909561812878,0.212882623076439
"Agriculture",0.0670970380306244,0.0844963788986206,0.120098769664764,0.177977502346039
"Agriculture",0.041399497538805,0.0486937388777733,0.0405834428966045,0.228380158543587
"Agriculture",0.0365950614213943,0.0407990217208862,0.0330922044813633,0.193687424063683
"Agriculture",0.0428983941674232,0.0640954002737999,0.0547937601804733,0.271994978189468
"Agriculture",0.0639954060316086,0.0881943702697754,0.106390170753002,0.276696652173996
"Forest",0.0228963606059551,0.0256969295442104,0.0190971046686172,0.189783081412315
"Forest",0.0194960478693247,0.0254992544651031,0.0184955857694149,0.236996054649353
"Forest",0.0275993030518293,0.028996903449297,0.0204933937638998,0.193594500422478
"Forest",0.031199999153614,0.0367999970912933,0.0274999979883432,0.235399976372719
"Forest",0.0324928350746632,0.0434905700385571,0.0286912973970175,0.351888239383698
"Forest",0.0372927412390709,0.0420917645096779,0.0317860133945942,0.234879478812218
"Forest",0.0240973047912121,0.0275954511016607,0.0227973498404026,0.214186534285545
"Forest",0.0333999991416931,0.0438999980688095,0.032200001180172,0.33270001411438
"Forest",0.0336928144097328,0.0417916774749756,0.0285869650542736,0.310298979282379
"Forest",0.0312999933958054,0.0432999953627586,0.0296999979764223,0.349000006914139
"Forest",0.0437951274216175,0.0579917021095753,0.0477986335754395,0.29409596323967
"Forest",0.0388955995440483,0.0395990461111069,0.0331856049597263,0.182784870266914
"Forest",0.0315962061285973,0.044697929173708,0.032183438539505,0.303177386522293
"Forest",0.0371999964118004,0.0462999939918518,0.0353999957442284,0.245199993252754
"Forest",0.0315999984741211,0.0401999950408936,0.0263999979943037,0.284299999475479
"Forest",0.0313999950885773,0.0439999997615814,0.0286999996751547,0.35249999165535
"Forest",0.0383999943733215,0.0450999960303307,0.0329999998211861,0.245199993252754
"Forest",0.0286999940872192,0.0310999974608421,0.0296999979764223,0.161699995398521
"Forest",0.0276999995112419,0.0383000001311302,0.0266999993473291,0.287000000476837
"Forest",0.0356999933719635,0.0419999957084656,0.0305999983102083,0.296299993991852
"Forest",0.0326921157538891,0.0414915829896927,0.0286912973970175,0.309993743896484
"Forest",0.0331999957561493,0.0365999937057495,0.0268999990075827,0.219400003552437
"Forest",0.0250976700335741,0.0279998797923326,0.0216937437653542,0.208196774125099
"Forest",0.0324999988079071,0.0398999974131584,0.0277999993413687,0.278699994087219
"Forest",0.0295975282788277,0.0376945920288563,0.0266965609043837,0.310093104839325
"Forest",0.0234977975487709,0.025493735447526,0.0207901764661074,0.189886137843132
"Forest",0.031700000166893,0.0358999967575073,0.0272999983280897,0.226499989628792
"Forest",0.0335999950766563,0.0452999994158745,0.0308999996632338,0.327600002288818
"Forest",0.0248989351093769,0.0285961870104074,0.0232928413897753,0.195595994591713
"Forest",0.0322935655713081,0.0464914739131927,0.0273960120975971,0.399694889783859
"Forest",0.0267999991774559,0.0332999974489212,0.0233999993652105,0.253899991512299
"Forest",0.0229985136538744,0.0246937721967697,0.0213894154876471,0.151986390352249
"Forest",0.0308943167328835,0.0332923606038094,0.0256834886968136,0.299589991569519
"Forest",0.0324999988079071,0.0411999970674515,0.0263000000268221,0.330300003290176
"Forest",0.0324999988079071,0.0409999936819077,0.0274999979883432,0.314999997615814
"Forest",0.0269955098628998,0.0340957902371883,0.0233971271663904,0.280690491199493
"Forest",0.033497866243124,0.0439987741410732,0.031394824385643,0.328499138355255
"Forest",0.0277999937534332,0.0314999967813492,0.0219000000506639,0.16559998691082
"Forest",0.0267999991774559,0.028999999165535,0.0215000007301569,0.196199998259544
"Forest",0.0334999933838844,0.0401999950408936,0.0297999996691942,0.280699998140335
"Forest",0.026699997484684,0.0358999967575073,0.0250999983400106,0.263799995183945
"Forest",0.0274999402463436,0.0337961949408054,0.0237984601408243,0.218998298048973
"Forest",0.0319946557283401,0.0434905700385571,0.030195165425539,0.342895656824112
"Forest",0.0265969019383192,0.0315982550382614,0.023884043097496,0.288678020238876
"Forest",0.0300987362861633,0.0379991419613361,0.0284929927438498,0.279198378324509
"Forest",0.0314921364188194,0.0355962514877319,0.0276829078793526,0.211986318230629
"Forest",0.0214980393648148,0.0227940734475851,0.019893754273653,0.158086135983467
"Forest",0.021798936650157,0.0221971552819014,0.0182982105761766,0.141696095466614
"Forest",0.0262980163097382,0.0288926940411329,0.0222931280732155,0.21207569539547
"Forest",0.0269955098628998,0.031898345798254,0.0222931280732155,0.255381286144257
"Forest",0.0352999828755856,0.0381905920803547,0.0286912973970175,0.276989698410034
"Forest",0.0313999950885773,0.0414999946951866,0.0264999996870756,0.32370001077652
"Forest",0.0288941785693169,0.0387933105230331,0.0254909750074148,0.307494312524796
"Forest",0.0229969508945942,0.0252963937819004,0.0183902140706778,0.162677645683289
"Forest",0.0287999957799911,0.0315999984741211,0.023700000718236,0.186299994587898
"Forest",0.0314921364188194,0.0446957610547543,0.031394824385643,0.353489845991135
"Forest",0.0340913571417332,0.0427984111011028,0.0286912973970175,0.355690866708755
"Forest",0.0345999971032143,0.0388999953866005,0.0292000006884336,0.278699994087219
"Forest",0.0316914170980453,0.0339941829442978,0.0276829078793526,0.219083115458488
"Forest",0.0320999994874001,0.0389999970793724,0.0290000010281801,0.270799994468689
"Forest",0.0370934680104256,0.0425951406359673,0.0400965064764023,0.250599056482315
"Forest",0.0355945751070976,0.0426967740058899,0.0299865640699863,0.308798313140869
"Forest",0.0297962538897991,0.0353991352021694,0.0276955049484968,0.264697670936584
"Forest",0.0310999974608421,0.0383000001311302,0.0257999990135431,0.279500007629395
"Forest",0.0292999967932701,0.0370999947190285,0.0283000003546476,0.240299984812737
"Forest",0.0325999930500984,0.0427999943494797,0.0283999983221292,0.317800015211105
"Forest",0.0313924998044968,0.0351945422589779,0.0272916834801435,0.290789067745209
"Forest",0.0285940114408731,0.0422998741269112,0.0263962857425213,0.345795810222626
"Forest",0.0275976210832596,0.0409978628158569,0.0256834886968136,0.312575966119766
"Forest",0.0224942415952682,0.0199953652918339,0.0167916603386402,0.152486875653267
"Forest",0.0345981977880001,0.0425951406359673,0.0303864367306232,0.283399432897568
"Forest",0.0246999934315681,0.0268999934196472,0.022699998691678,0.1317999958992
"Forest",0.0365999937057495,0.0442999973893166,0.0341999977827072,0.217099979519844
"Forest",0.0245964583009481,0.0280992593616247,0.0214964151382446,0.210993140935898
"Forest",0.0255999937653542,0.0300999954342842,0.0226000007241964,0.216099992394447
"Forest",0.0256958305835724,0.030494736507535,0.0224844720214605,0.240386456251144
"Forest",0.0301925241947174,0.0335972495377064,0.027787221595645,0.198276042938232
"Forest",0.0258940346539021,0.0346949771046638,0.0237966943532228,0.298489809036255
"Forest",0.0274999961256981,0.0333999991416931,0.0237999986857176,0.227399989962578
"Forest",0.0328999981284142,0.0455999970436096,0.0283000003546476,0.316000014543533
"Forest",0.0258940346539021,0.0322930105030537,0.0238946788012981,0.244390591979027
"Forest",0.0250937324017286,0.031399805098772,0.019693860784173,0.249695718288422
"Forest",0.0261972416192293,0.0300997570157051,0.0228981897234917,0.247696757316589
"Forest",0.0307946819812059,0.0335924476385117,0.0245968401432037,0.302184998989105
"Forest",0.0310999974608421,0.0372999981045723,0.0263000000268221,0.286500006914139
"Forest",0.0313999950885773,0.0358999967575073,0.0263999979943037,0.239899978041649
"Forest",0.0229956656694412,0.0277979094535112,0.0214964151382446,0.211195066571236
"Forest",0.0277999937534332,0.0333999991416931,0.0235000010579824,0.216499999165535
"Forest",0.0306999981403351,0.0361999943852425,0.0250999983400106,0.262699991464615
"Forest",0.0262980163097382,0.0289990566670895,0.0212849117815495,0.226599499583244
"Forest",0.0348971076309681,0.0418981313705444,0.0295953508466482,0.29709729552269
"Forest",0.0260987374931574,0.0297929123044014,0.0228929780423641,0.182975918054581
"Forest",0.0347974710166454,0.0462978407740593,0.0288998670876026,0.323488175868988
"Forest",0.0314999967813492,0.0392999947071075,0.0272000003606081,0.252000004053116
"Forest",0.0209974460303783,0.0241976510733366,0.0202919784933329,0.221996977925301
"Forest",0.0252952333539724,0.0292964894324541,0.0219892989844084,0.225091218948364
"Forest",0.0318999961018562,0.0353999957442284,0.0250999983400106,0.283199995756149
"Forest",0.0312999933958054,0.0418999940156937,0.0272000003606081,0.309000015258789
"Forest",0.0304999947547913,0.0411999970674515,0.0276999976485968,0.314599990844727
"Forest",0.0331999957561493,0.0396999940276146,0.0272999983280897,0.280800014734268
"Forest",0.0301999971270561,0.0351999998092651,0.0244999993592501,0.247699990868568
"Forest",0.0310935936868191,0.0321984365582466,0.0238926839083433,0.181183025240898
"Forest",0.023499995470047,0.0277999937534332,0.0209999997168779,0.17739999294281
"Forest",0.0236971564590931,0.0281941816210747,0.0213894154876471,0.252587586641312
"Forest",0.0362963527441025,0.0425999611616135,0.0309949275106192,0.315984427928925
"Forest",0.0319946557283401,0.0360996089875698,0.0270830634981394,0.270998954772949
"Forest",0.0311975535005331,0.0465931072831154,0.0269874390214682,0.389991998672485
"Forest",0.0308999940752983,0.0415999963879585,0.0265999976545572,0.337700009346008
"Forest",0.0326999947428703,0.0419999957084656,0.0285000000149012,0.388000011444092
"Forest",0.0270930323749781,0.0384915955364704,0.0238946788012981,0.311983168125153
"Forest",0.0336999967694283,0.0408999994397163,0.0286999996751547,0.291500002145767
"Forest",0.028199777007103,0.0301946606487036,0.0230929274111986,0.194994196295738
"Forest",0.0215934421867132,0.0194966476410627,0.0150834210216999,0.077585481107235
"Forest",0.0176940187811852,0.0146938636898994,0.0132906334474683,0.0791855826973915
"Forest",0.0310935936868191,0.0355914570391178,0.0279957987368107,0.280398190021515
"Forest",0.0246980134397745,0.0232936274260283,0.0200987476855516,0.148495212197304
"Forest",0.0307946819812059,0.0360996089875698,0.0262833200395107,0.27279257774353
"Forest",0.0308999940752983,0.0383999943733215,0.0285000000149012,0.266299992799759
"Forest",0.0330999940633774,0.0419999957084656,0.0303999986499548,0.316700011491776
"Forest",0.0297999978065491,0.0403999984264374,0.0248999986797571,0.277900010347366
"Forest",0.0339917205274105,0.0420917645096779,0.0300908703356981,0.286783039569855
"Forest",0.0212932787835598,0.0206996574997902,0.0172901526093483,0.154287695884705
"Forest",0.028091499581933,0.0300930198282003,0.0237884093075991,0.229677677154541
"Forest",0.0359931215643883,0.0417964942753315,0.0317946970462799,0.298190921545029
"Forest",0.0255966745316982,0.027595940977335,0.0220965947955847,0.235897704958916
"Forest",0.0213942229747772,0.0242993198335171,0.0204937122762203,0.152794167399406
"Forest",0.0322978794574738,0.0381905920803547,0.0269874390214682,0.280194818973541
"Forest",0.0297999978065491,0.0331999957561493,0.0253999996930361,0.216299995779991
"Forest",0.0269997734576464,0.0403928607702255,0.0243882276117802,0.310794949531555
"Forest",0.0331989489495754,0.0379921458661556,0.0284826494753361,0.253587633371353
"Forest",0.0262999981641769,0.028999999165535,0.0219999980181456,0.179499998688698
"Forest",0.0381937995553017,0.0446909219026566,0.0308906398713589,0.278490155935287
"Forest",0.0322999954223633,0.0347999930381775,0.0263000000268221,0.230099990963936
"Forest",0.0268999934196472,0.0285999998450279,0.0206999983638525,0.16219998896122
"Forest",0.0300965402275324,0.0397944860160351,0.0294919032603502,0.229698732495308
"Forest",0.026492964476347,0.0315934717655182,0.0233885180205107,0.241899713873863
"Forest",0.0364999659359455,0.0395942367613316,0.0310992579907179,0.259196668863297
"Forest",0.031700000166893,0.0420999974012375,0.0283999983221292,0.34349998831749
"Forest",0.023999996483326,0.0279999971389771,0.020899998024106,0.195099994540215
"Forest",0.0312999933958054,0.0456999987363815,0.0305000003427267,0.356200009584427
"Forest",0.0452983230352402,0.0507943741977215,0.0406877137720585,0.226078197360039
"Forest",0.0218982864171267,0.0245952140539885,0.0180927086621523,0.195292606949806
"Forest",0.0314999967813492,0.0367999970912933,0.0244999993592501,0.275600016117096
"Forest",0.0297962538897991,0.0381978824734688,0.0255989748984575,0.325093299150467
"Forest",0.0389995500445366,0.0601987689733505,0.0365932621061802,0.330788016319275
"Forest",0.0255966745316982,0.0298977866768837,0.0234942678362131,0.221599280834198
"Forest",0.0345938764512539,0.04009760171175,0.0292911026626825,0.207878246903419
"Forest",0.0276972614228725,0.0364965200424194,0.0249880477786064,0.299577713012695
"Forest",0.0322978794574738,0.0383987054228783,0.0288998670876026,0.302884608507156
"Forest",0.0323999971151352,0.0441999956965446,0.0305000003427267,0.329699993133545
"Forest",0.026699997484684,0.028999999165535,0.022299999371171,0.217899993062019
"Forest",0.0253999978303909,0.0269999951124191,0.0206999983638525,0.211999997496605
"Forest",0.0219953395426273,0.0205943118780851,0.0168866775929928,0.119385778903961
"Forest",0.0370934680104256,0.0418981313705444,0.0317946970462799,0.289987713098526
"Forest",0.0332999974489212,0.0371999964118004,0.0290000010281801,0.196199998259544
"Forest",0.0301999971270561,0.0306999981403351,0.0239999983459711,0.188799992203712
"Forest",0.0348971076309681,0.0523916333913803,0.0329943411052227,0.364288151264191
"Forest",0.031199999153614,0.0404999926686287,0.0268999990075827,0.321000009775162
"Forest",0.0294950809329748,0.0324985533952713,0.0250923316925764,0.245498925447464
"Forest",0.0229956656694412,0.0241976510733366,0.0190998297184706,0.192792803049088
"Forest",0.0185999944806099,0.0180990733206272,0.0172862019389868,0.126175194978714
"Forest",0.0297962538897991,0.032597154378891,0.0245918482542038,0.252696692943573
"Forest",0.0296999961137772,0.0388999953866005,0.025900000706315,0.301100015640259
"Forest",0.0290999934077263,0.0357999950647354,0.0259999986737967,0.248599991202354
"Forest",0.0364999659359455,0.0395990461111069,0.0305863749235868,0.206479281187057
"Forest",0.0281999930739403,0.0375999957323074,0.0268999990075827,0.284799993038177
"Forest",0.0292966030538082,0.0420948453247547,0.0276852883398533,0.317888647317886
"Forest",0.0294959638267756,0.0372970439493656,0.026499243453145,0.288995534181595
"Forest",0.033398225903511,0.0445941276848316,0.0295953508466482,0.310693144798279
"Forest",0.0214965399354696,0.0194966476410627,0.0168940015137196,0.10678443312645
"Forest",0.0300999954342842,0.0373999997973442,0.0241999980062246,0.254799991846085
"Forest",0.0309999957680702,0.0372999981045723,0.0250999983400106,0.257499992847443
"Forest",0.0305999964475632,0.0413999930024147,0.0268000010401011,0.398499995470047
"Forest",0.0250937324017286,0.0315982550382614,0.0201895479112864,0.253396719694138
"Forest",0.0308986399322748,0.0372999832034111,0.0271873865276575,0.248576939105988
"Forest",0.0318999961018562,0.0365999937057495,0.0270999986678362,0.206899985671043
"Forest",0.0326999947428703,0.0459999963641167,0.0307000000029802,0.320699989795685
"Forest",0.0329996831715107,0.0374936014413834,0.0260920524597168,0.269294768571854
"Forest",0.0354999974370003,0.0509999990463257,0.0407999977469444,0.282900005578995
"Forest",0.0204947274178267,0.0199953652918339,0.0172901526093483,0.130588844418526
"Forest",0.0316914170980453,0.040896225720644,0.0283870361745358,0.264398336410522
"Forest",0.0219999998807907,0.0221999958157539,0.0186000000685453,0.138199999928474
"Forest",0.0309987906366587,0.0391985327005386,0.0324897915124893,0.253680557012558
"Forest",0.0330999940633774,0.0483999997377396,0.0290999989956617,0.385800004005432
"Forest",0.0337999984622002,0.0424999967217445,0.0294000003486872,0.265599995851517
"Forest",0.0309999957680702,0.0374999940395355,0.0253999996930361,0.288500010967255
"Forest",0.0229969508945942,0.0251948181539774,0.0221889093518257,0.168094784021378
"Forest",0.0256960261613131,0.0264963172376156,0.0213977564126253,0.176694869995117
"Forest",0.0292972419410944,0.0330972857773304,0.0267993286252022,0.24238646030426
"Forest",0.0301925241947174,0.0352913327515125,0.0267875101417303,0.250891506671906
"Forest",0.0344942361116409,0.0456928461790085,0.029586685821414,0.328587770462036
"Forest",0.0301999971270561,0.0412999987602234,0.0272000003606081,0.320600003004074
"Forest",0.0295997299253941,0.0383966863155365,0.0282956622540951,0.295888811349869
"Forest",0.0277999937534332,0.0352999940514565,0.0241999980062246,0.281100004911423
"Forest",0.0283999964594841,0.0370999947190285,0.0265999976545572,0.312799990177155
"Forest",0.0255961753427982,0.0313950255513191,0.0239970106631517,0.26078674197197
"Forest",0.0241968091577291,0.0294970460236073,0.0197986457496881,0.231996640563011
"Forest",0.026492964476347,0.031898345798254,0.0210934542119503,0.239979475736618
"Forest",0.0230965595692396,0.0230942368507385,0.0187899135053158,0.166976973414421
"Forest",0.0345981977880001,0.0520915314555168,0.0325944572687149,0.392282754182816
"Mining",0.0522988587617874,0.051394559442997,0.0604906231164932,0.0786860436201096
"Mining",0.0575969405472279,0.0771926939487457,0.109684705734253,0.127982288599014
"Mining",0.0487985834479332,0.0513993762433529,0.0505977943539619,0.133476361632347
"Mining",0.0409999936819077,0.0540999993681908,0.0616999939084053,0.238099977374077
"Mining",0.0851960480213165,0.0986926630139351,0.119794256985188,0.12758706510067
"Mining",0.0766969323158264,0.0987944230437279,0.126895844936371,0.141476154327393
"Mining",0.0403999984264374,0.0499999970197678,0.058799996972084,0.221200004220009
"Mining",0.086998350918293,0.120094910264015,0.15709613263607,0.165182620286942
"Mining",0.0657932460308075,0.0825944542884827,0.0900987535715103,0.187287345528603
"Mining",0.0431999936699867,0.0532999932765961,0.0690999999642372,0.173899993300438
"Mining",0.0568995103240013,0.0825944542884827,0.138590097427368,0.183586537837982
"Mining",0.0479928776621819,0.0435970351099968,0.0507890954613686,0.0518992133438587
"Mining",0.0522945821285248,0.0574979744851589,0.0718957483768463,0.0773752257227898
"Mining",0.0531999543309212,0.0488970167934895,0.0578999742865562,0.0513783842325211
"Mining",0.0425999984145164,0.052499994635582,0.0665999948978424,0.204399988055229
"Mining",0.0451999977231026,0.0571999922394753,0.0767999961972237,0.0747999995946884
"Mining",0.0439987182617188,0.0588919706642628,0.0737995803356171,0.170677661895752
"Mining",0.052899993956089,0.0729999989271164,0.0967999920248985,0.23489998281002
"Mining",0.0838967561721802,0.118290618062019,0.172188296914101,0.196775436401367
"Mining",0.0529963485896587,0.0473917499184608,0.0550920851528645,0.054876621812582
"Mining",0.0621975474059582,0.0568978004157543,0.0702876970171928,0.0635757297277451
"Mining",0.0428940616548061,0.0509928315877914,0.0734866484999657,0.165894106030464
"Mining",0.0433922447264194,0.0574931725859642,0.105790220201015,0.118390664458275
"Mining",0.088696226477623,0.128798127174377,0.185495972633362,0.212990686297417
"Mining",0.0474990010261536,0.0469996705651283,0.0511975325644016,0.0918989479541779
"Mining",0.0663996636867523,0.0749903470277786,0.0940978825092316,0.0851838067173958
"Mining",0.050098218023777,0.0555909723043442,0.0757904127240181,0.117285065352917
"Mining",0.0703999996185303,0.112300001084805,0.173199996352196,0.209399998188019
"Mining",0.0673960298299789,0.0673960447311401,0.115187369287014,0.169493943452835
"Mining",0.0640950500965118,0.0804983898997307,0.115187369287014,0.138487830758095
"Mining",0.0444925837218761,0.0425999611616135,0.0447908602654934,0.0543921366333961
"Mining",0.0561934150755405,0.0527981780469418,0.0631854757666588,0.0569995827972889
"Mining",0.0806994959712029,0.106693729758263,0.147387132048607,0.158684387803078
"Mining",0.061495803296566,0.0625995099544525,0.0759988650679588,0.0876882821321487
"Mining",0.0764975473284721,0.0829958096146584,0.11408369243145,0.123276062309742
"Mining",0.0552966445684433,0.051694642752409,0.0624985583126545,0.0582966431975365
"Mining",0.0509949661791325,0.0655955374240875,0.10539872199297,0.174785166978836
"Mining",0.0527970679104328,0.0476918257772923,0.0561874620616436,0.0531846880912781
"Mining",0.0851960480213165,0.0945930629968643,0.126296952366829,0.146181732416153
"Mining",0.0599968992173672,0.0658908486366272,0.082492507994175,0.100181542336941
"Mining",0.0829915404319763,0.101799957454205,0.131399512290955,0.130678117275238
"Mining",0.0442933030426502,0.0528998114168644,0.0660974159836769,0.0351854264736176
"Mining",0.0343998819589615,0.0456966124475002,0.0485946908593178,0.19369575381279
"Mining",0.0565962456166744,0.0570914335548878,0.0645850300788879,0.0758878886699677
"Mining",0.061495803296566,0.0660941451787949,0.0796850025653839,0.0898886620998383
"Mining",0.0763938426971436,0.0973906815052032,0.122297585010529,0.169290155172348
"Mining",0.0938952788710594,0.121097035706043,0.154489427804947,0.16557677090168
"Mining",0.0501978471875191,0.0518930852413177,0.0549964904785156,0.10887910425663
"Mining",0.0478932335972786,0.0497972927987576,0.0477986335754395,0.10489697009325
"Mining",0.0544999986886978,0.0655999928712845,0.0795999988913536,0.134499996900558
"Mining",0.0903991609811783,0.115091606974602,0.173987343907356,0.20148116350174
"Mining",0.0573976822197437,0.0562976002693176,0.0686967447400093,0.0763852372765541
"Mining",0.0439944006502628,0.0415980368852615,0.0519887171685696,0.104299142956734
"Mining",0.0628993287682533,0.0707987323403358,0.087699681520462,0.124483868479729
"Mining",0.0447999984025955,0.0534999966621399,0.0717999935150146,0.213799998164177
"Mining",0.0767965689301491,0.0928987860679626,0.117186792194843,0.130499318242073
"Mining",0.0472999960184097,0.0508999973535538,0.0684999972581863,0.0839000046253204
"Mining",0.0630986019968987,0.0634949579834938,0.0829966738820076,0.100496664643288
"Mining",0.0630986019968987,0.0643903836607933,0.0749906674027443,0.0882878676056862
"Mining",0.0481999963521957,0.0561999976634979,0.0753999948501587,0.116299986839294
"Mining",0.0457964949309826,0.03669498488307,0.0394880808889866,0.0357979126274586
"Mining",0.0442976281046867,0.0481903739273548,0.0726868957281113,0.12889675796032
"Mining",0.0565962456166744,0.0527981780469418,0.0604906231164932,0.0577767640352249
"Mining",0.0581991076469421,0.0899996533989906,0.142492115497589,0.192883253097534
"Mining",0.0603997893631458,0.059797041118145,0.0708875358104706,0.0737755671143532
"Mining",0.0579998530447483,0.0539985150098801,0.0681838914752007,0.0592887438833714
"Mining",0.0562973469495773,0.0532967261970043,0.0628984868526459,0.0662852898240089
"Mining",0.0578915737569332,0.0806968733668327,0.111892394721508,0.208476111292839
"Mining",0.0505964010953903,0.0702905580401421,0.126392394304276,0.163376584649086
"Mining",0.0898923426866531,0.126596137881279,0.186693459749222,0.20987506210804
"Mining",0.0866995677351952,0.122399605810642,0.18279142677784,0.236596032977104
"Mining",0.0733916312456131,0.0741965398192406,0.0915941447019577,0.0983865782618523
"Mining",0.0610971935093403,0.0733979046344757,0.0833881571888924,0.164991572499275
"Mining",0.0526974461972713,0.0474933795630932,0.0539967305958271,0.0433905236423016
"Mining",0.0451986864209175,0.0426967740058899,0.044799517840147,0.0580812133848667
"Mining",0.0600965358316898,0.0857982933521271,0.144691407680511,0.187478616833687
"Mining",0.0546945258975029,0.0761954784393311,0.124584645032883,0.174581781029701
"Mining",0.0434962064027786,0.0541921593248844,0.0884908884763718,0.105889268219471
"Mining",0.0566999986767769,0.0785999968647957,0.0774999931454659,0.262800008058548
"Mining",0.0918980464339256,0.116596326231956,0.171195819973946,0.193391785025597
"Mining",0.0603997893631458,0.0694966614246368,0.0842834934592247,0.132485136389732
"Mining",0.0558944940567017,0.0532967261970043,0.0703832879662514,0.0786860436201096
"Mining",0.0449994206428528,0.0601987689733505,0.102990947663784,0.0868756622076035
"Mining",0.054499514400959,0.0488921962678432,0.0593950971961021,0.0531846880912781
"Mining",0.0504961423575878,0.0647943913936615,0.0961934700608253,0.227097764611244
"Mining",0.0653946921229362,0.0763987153768539,0.0835965722799301,0.220787554979324
"Mining",0.0536938197910786,0.0729913711547852,0.0967923477292061,0.206288233399391
"Mining",0.0431999936699867,0.0483999997377396,0.0694999992847443,0.0902999937534332
"Mining",0.0673960298299789,0.0848933383822441,0.116195447742939,0.154791355133057
"Mining",0.0940986052155495,0.127395510673523,0.164597883820534,0.21829429268837
"Mining",0.0767965689301491,0.0883927643299103,0.116195447742939,0.136794686317444
"Mining",0.0771994143724442,0.0817954763770103,0.099896140396595,0.101782068610191
"Mining",0.0522945821285248,0.0530934818089008,0.0642980486154556,0.0713843703269958
"Mining",0.0428983792662621,0.0606973208487034,0.0771983563899994,0.200577810406685
"Mining",0.056999996304512,0.0768999978899956,0.0979999974370003,0.148199990391731
"Mining",0.0600965358316898,0.0552956759929657,0.0659845322370529,0.0632827877998352
"Mining",0.0613999962806702,0.0721999928355217,0.0866999924182892,0.135799989104271
"Mining",0.0599968992173672,0.0665974766016006,0.0796933695673943,0.113279916346073
"Mining",0.0498989336192608,0.0690998360514641,0.126496583223343,0.160986050963402
"Mining",0.0505999997258186,0.0691999942064285,0.0989999920129776,0.169299989938736
"Mining",0.0549934841692448,0.051694642752409,0.0627855136990547,0.0749848335981369
"Mining",0.0484996996819973,0.0719943195581436,0.112483948469162,0.18948769569397
"Mining",0.0447914861142635,0.0406929589807987,0.0408876538276672,0.0499801337718964
"Mining",0.0399999991059303,0.0493999943137169,0.0607999935746193,0.182599991559982
"Mining",0.0617947727441788,0.0617960393428802,0.0758859515190125,0.0793945863842964
"Mining",0.0580994635820389,0.0632916614413261,0.0774940997362137,0.0851838067173958
"Mining",0.0430976562201977,0.0515929944813251,0.0675926879048347,0.130882173776627
"Mining",0.0639954060316086,0.0805952399969101,0.115595154464245,0.139478951692581
"Mining",0.0558944940567017,0.0556974299252033,0.0671842023730278,0.0805913656949997
"Mining",0.0561934150755405,0.0602955967187881,0.0728869438171387,0.111282348632812
"Mining",0.100696258246899,0.13149505853653,0.200685232877731,0.21937569975853
"Mining",0.0564966313540936,0.0563992522656918,0.0669929012656212,0.0792826563119888
"Mining",0.0720962956547737,0.0925942808389664,0.124089725315571,0.164077073335648
"Mining",0.0473950579762459,0.0589936040341854,0.108693227171898,0.134695619344711
"Mining",0.0507956594228745,0.0438922978937626,0.047494325786829,0.0356857404112816
"Mining",0.0499985627830029,0.074796698987484,0.0842834934592247,0.0507811345160007
"Mining",0.0641989782452583,0.0626963004469872,0.077685572206974,0.0734831988811493
"Mining",0.0520996041595936,0.0711908116936684,0.138389408588409,0.165284708142281
"Mining",0.0442933030426502,0.0393909551203251,0.0437997914850712,0.0431866459548473
"Mining",0.0964982807636261,0.122293494641781,0.154586136341095,0.209175750613213
"Mining",0.0971958115696907,0.122399605810642,0.159693941473961,0.170079678297043
"Mining",0.0474990010261536,0.0570962354540825,0.0816927030682564,0.152997806668282
"Mining",0.0669932141900063,0.0654987618327141,0.077789843082428,0.0815964788198471
"Mining",0.0600965358316898,0.0587951578199863,0.0757904127240181,0.0799835324287415
"Mining",0.0726984143257141,0.0828943327069283,0.102686762809753,0.0992759019136429
"Mining",0.0437951274216175,0.0420917645096779,0.0433999300003052,0.0732920244336128
"Mining",0.0658928453922272,0.0693951919674873,0.0939850807189941,0.102583520114422
"Mining",0.0457964949309826,0.0581997856497765,0.0817971602082253,0.146486431360245
"Mining",0.0597976073622704,0.0589936040341854,0.0713829919695854,0.0749848335981369
"Mining",0.0340913571417332,0.0396958403289318,0.0372973792254925,0.268391907215118
"Mining",0.0777971670031548,0.102894090116024,0.128695964813232,0.178587257862091
"Mining",0.0741972401738167,0.111993998289108,0.162798672914505,0.222580596804619
"Mining",0.0734957307577133,0.0947914943099022,0.128695964813232,0.145977899432182
"Mining",0.167097866535187,0.195596516132355,0.249695062637329,0.263291954994202
"Mining",0.0923959612846375,0.119394361972809,0.150297731161118,0.20148116350174
"Mining",0.0868946462869644,0.126392900943756,0.172987625002861,0.21639908850193
"Mining",0.0473993420600891,0.0588919706642628,0.0869956389069557,0.116088844835758
"Mining",0.0453979633748531,0.0595937818288803,0.0699919313192368,0.0317894816398621
"Mining",0.0697959288954735,0.0841915458440781,0.0949932560324669,0.172279953956604
"Mining",0.109598740935326,0.140992224216461,0.210592210292816,0.243477046489716
"Mining",0.050098218023777,0.0561959631741047,0.0544836409389973,0.178574904799461
"Mining",0.0830996558070183,0.100095994770527,0.134191021323204,0.140281081199646
"Mining",0.0642985478043556,0.0626963004469872,0.0769899636507034,0.0818784609436989
"Mining",0.0696920827031136,0.0728945732116699,0.0796850025653839,0.0732796564698219
"Mining",0.0550999939441681,0.0798000022768974,0.109899990260601,0.0754999965429306
"Mining",0.0590958259999752,0.0550972409546375,0.0662888139486313,0.0627883598208427
"Mining",0.0511942431330681,0.0483936592936516,0.0569957569241524,0.0630913227796555
"Mining",0.0975982025265694,0.102792307734489,0.118794515728951,0.111587896943092
"Mining",0.0543956384062767,0.0709923803806305,0.0930980071425438,0.174097925424576
"Mining",0.118799202144146,0.137191385030746,0.173484086990356,0.187084227800369
"Mining",0.0505964010953903,0.0655955374240875,0.102990947663784,0.125082150101662
"Mining",0.0392984598875046,0.0425951406359673,0.0597863830626011,0.109477244317532
"Mining",0.0421999990940094,0.0513999983668327,0.0620999932289124,0.248799994587898
"Mining",0.0542960315942764,0.0637940615415573,0.0937928184866905,0.144296422600746
"Mining",0.0329999998211861,0.0327999964356422,0.0431999936699867,0.111999988555908
"Mining",0.0670970380306244,0.0664958208799362,0.0855874344706535,0.0888857617974281
"Mining",0.0610971935093403,0.059797041118145,0.0752863585948944,0.0825886502861977
"Mining",0.0381998084485531,0.0465942360460758,0.0631921142339706,0.131197199225426
"Mining",0.0427944213151932,0.0444924794137478,0.0633853301405907,0.163376584649086
"Mining",0.091395728290081,0.119998469948769,0.160894423723221,0.189983710646629
"Mining",0.0274999402463436,0.0286987666040659,0.032698281109333,0.11818665266037
"Mining",0.0439944006502628,0.0439987741410732,0.0582997910678387,0.0884790495038033
"Mining",0.0565962456166744,0.0864953026175499,0.153089210391045,0.189283952116966
"Mining",0.0470961220562458,0.0523916333913803,0.0740950927138329,0.111981831490993
"Mining",0.0723952651023865,0.0920907333493233,0.121489770710468,0.152083516120911
"Mining",0.0696920827031136,0.0685916766524315,0.0805889070034027,0.0885913595557213
"Mining",0.0627997294068336,0.0939928889274597,0.174698263406754,0.212482333183289
"Mining",0.0511999949812889,0.0680999979376793,0.0898999944329262,0.222399994730949
"Mining",0.0473993420600891,0.0536984466016293,0.082796648144722,0.158086135983467
"Mining",0.0776975303888321,0.0854982435703278,0.0978881493210793,0.0978785753250122
"Mining",0.0496953539550304,0.0459929294884205,0.0516845472157001,0.0604861341416836
"Mining",0.0616951063275337,0.0644968599081039,0.0895862057805061,0.094887338578701
"Mining",0.0344942361116409,0.0412931330502033,0.0414961613714695,0.178880989551544
"Mining",0.0701987743377686,0.0826911553740501,0.0966969355940819,0.0934765040874481
"Mining",0.05519999563694,0.0888999924063683,0.0901999995112419,0.0475000031292439
"Mining",0.0407973453402519,0.0538920797407627,0.066888615489006,0.219998627901077
"Mining",0.0554959326982498,0.0643951967358589,0.0649934709072113,0.20187520980835
"Mining",0.0422999933362007,0.0531999990344048,0.0675999969244003,0.218299999833107
"Mining",0.0688991695642471,0.080198310315609,0.109484635293484,0.140687495470047
"Mining",0.0661960691213608,0.0662925913929939,0.0845962837338448,0.0855791792273521
"Mining",0.0763938426971436,0.0938913896679878,0.119794256985188,0.117883510887623
"Mining",0.0860974118113518,0.109495796263218,0.163087353110313,0.192590460181236
"Mining",0.0459999963641167,0.0458999946713448,0.0390999987721443,0.0413000024855137
"Mining",0.0444999933242798,0.0549999997019768,0.084599994122982,0.171999990940094
"Mining",0.107597179710865,0.130995139479637,0.172083899378777,0.193391785025597
"Mining",0.0439944006502628,0.0487905479967594,0.0706961378455162,0.123796761035919
"Mining",0.0470961220562458,0.049695648252964,0.0594993680715561,0.156775772571564
"Mining",0.0586972795426846,0.0552908778190613,0.0697835385799408,0.0680782943964005
"Mining",0.0510946065187454,0.0475950315594673,0.0559875071048737,0.0550796091556549
"Mining",0.0590958259999752,0.0848933383822441,0.131094455718994,0.172775536775589
"Mining",0.0551970340311527,0.083097517490387,0.0943933054804802,0.278693914413452
"Mining",0.0627997294068336,0.0607989579439163,0.0757904127240181,0.0792934596538544
"Mining",0.0411999970674515,0.0498999953269958,0.0646999999880791,0.180399999022484
"Mining",0.0422962196171284,0.0523916333913803,0.0713915675878525,0.173995956778526
"Mining",0.0372927412390709,0.0452959276735783,0.0354892760515213,0.273899108171463
"Mining",0.0450990572571754,0.0558910705149174,0.0874912589788437,0.140178486704826
"Mining",0.0502974689006805,0.0479967258870602,0.056587353348732,0.0654943957924843
"Mining",0.0518999993801117,0.0663999989628792,0.087399996817112,0.218199983239174
"Mining",0.0694970041513443,0.0925942808389664,0.131391778588295,0.20748408138752
"Mining",0.0736949518322945,0.0847917273640633,0.108693227171898,0.122984930872917
"Urban",0.0536938197910786,0.0632916614413261,0.0619858205318451,0.216093957424164
"Urban",0.0694927796721458,0.0900963991880417,0.0823885202407837,0.0359886102378368
"Urban",0.0572980232536793,0.0572995245456696,0.0771983563899994,0.142379865050316
"Urban",0.0730970054864883,0.0945930629968643,0.116195447742939,0.0851946622133255
"Urban",0.0629990175366402,0.0630932524800301,0.0749906674027443,0.147096499800682
"Urban",0.0454993769526482,0.0517942607402802,0.093298926949501,0.131798252463341
"Urban",0.0908998996019363,0.105297543108463,0.140696495771408,0.204490542411804
"Urban",0.0592952035367489,0.0577932484447956,0.0884908884763718,0.138880997896194
"Urban",0.0634971484541893,0.0614959411323071,0.0845962837338448,0.119992725551128
"Urban",0.0875921100378036,0.0965919941663742,0.127496406435966,0.164077073335648
"Urban",0.0578915737569332,0.0628947764635086,0.09248998016119,0.131898194551468
"Urban",0.0854953825473785,0.0824926346540451,0.103086784482002,0.178880989551544
"Urban",0.0571983829140663,0.0579965189099312,0.0660974159836769,0.156483337283134
"Urban",0.0552966445684433,0.0574931725859642,0.0715914070606232,0.116980157792568
"Urban",0.0627997294068336,0.0612926930189133,0.0829966738820076,0.115085192024708
"Urban",0.0627997294068336,0.0585918687283993,0.0954974815249443,0.126086965203285
"Urban",0.111492082476616,0.12599191069603,0.157783389091492,0.156775772571564
"Urban",0.0537934824824333,0.0528998114168644,0.0604906231164932,0.190886721014977
"Urban",0.0537934824824333,0.0633933395147324,0.0959843248128891,0.163580045104027
"Urban",0.0956929475069046,0.114597380161285,0.176593244075775,0.223280191421509
"Urban",0.0605990402400494,0.0586935132741928,0.128288447856903,0.160591006278992
"Urban",0.141296252608299,0.148797959089279,0.148498967289925,0.145087048411369
"Urban",0.0574973076581955,0.0558958947658539,0.083283856511116,0.104287624359131
"Urban",0.0688991695642471,0.0806968733668327,0.108893394470215,0.203286841511726
"Urban",0.0663996636867523,0.0719943195581436,0.0822840556502342,0.151281848549843
"Urban",0.0611968412995338,0.0558910705149174,0.0662974268198013,0.0811775326728821
"Urban",0.0516924224793911,0.0653923600912094,0.0823969841003418,0.189780026674271
"Urban",0.0951951965689659,0.110391899943352,0.135693848133087,0.183776959776878
"Urban",0.0608937479555607,0.0702905580401421,0.0829966738820076,0.197283729910851
"Urban",0.0565962456166744,0.0536936409771442,0.0764857903122902,0.110786579549313
"Urban",0.092296302318573,0.117099702358246,0.187495946884155,0.231076687574387
"Urban",0.0846981033682823,0.0981985181570053,0.128695964813232,0.241098389029503
"Urban",0.0737987235188484,0.0746951326727867,0.0847962126135826,0.0877907797694206
"Urban",0.0497949980199337,0.0539985150098801,0.0550920851528645,0.15338046848774
"Urban",0.0825971215963364,0.109195679426193,0.158384919166565,0.231991857290268
"Urban",0.0511942431330681,0.0547971650958061,0.0601862780749798,0.189385950565338
"Urban",0.055699996650219,0.0594999939203262,0.0620999932289124,0.209199994802475
"Urban",0.0978979170322418,0.100299313664436,0.145282730460167,0.152997806668282
"Urban",0.0628993287682533,0.0687997415661812,0.0926982834935188,0.142278328537941
"Urban",0.136194080114365,0.132999509572983,0.175491690635681,0.214186534285545
"Urban",0.101493716239929,0.130496814846992,0.173683062195778,0.19457483291626
"Urban",0.0708963051438332,0.0839978381991386,0.106989800930023,0.147479459643364
"Urban",0.0711994916200638,0.0903965160250664,0.148994609713554,0.194994196295738
"Urban",0.138098120689392,0.154397264122963,0.180298328399658,0.182085663080215
"Urban",0.0924954786896706,0.117196455597878,0.154897198081017,0.191484346985817
"Urban",0.112193778157234,0.123992189764977,0.163287058472633,0.156483337283134
"Urban",0.130396842956543,0.14539098739624,0.175793156027794,0.210192799568176
"Urban",0.0692977458238602,0.0636981576681137,0.0737909078598022,0.134976848959923
"Urban",0.073595255613327,0.0963983610272408,0.104590535163879,0.174975901842117
"Urban",0.079395703971386,0.0975942090153694,0.139796897768974,0.169799134135246
"Urban",0.0705931857228279,0.0713941007852554,0.0954890996217728,0.139886677265167
"Urban",0.073595255613327,0.0750967711210251,0.0800847634673119,0.133882850408554
"Urban",0.0950952842831612,0.103591211140156,0.131094455718994,0.136794686317444
"Urban",0.0691981017589569,0.0799950733780861,0.087699681520462,0.206886097788811
"Urban",0.080097496509552,0.0715973153710365,0.0845962837338448,0.149476423859596
"Urban",0.0675953775644302,0.0665974766016006,0.0705833435058594,0.10887910425663
"Urban",0.121598482131958,0.0933974534273148,0.111188814043999,0.261180847883224
"Urban",0.0828918144106865,0.0779912993311882,0.100591585040092,0.160374909639359
"Urban",0.0837968438863754,0.10309686511755,0.176994040608406,0.193875312805176
"Urban",0.127395138144493,0.136591821908951,0.174490928649902,0.168286323547363
"Urban",0.0624922513961792,0.0649905800819397,0.120290473103523,0.137876510620117
"Urban",0.0522988587617874,0.0556974299252033,0.058499775826931,0.173780530691147
"Urban",0.0723952651023865,0.0796997845172882,0.102990947663784,0.173983961343765
"Urban",0.0980966910719872,0.119795322418213,0.195796862244606,0.237893313169479
"Urban",0.0691981017589569,0.0735915526747704,0.102686762809753,0.151879593729973
"Urban",0.0568952299654484,0.0552956759929657,0.0850916355848312,0.152692392468452
"Urban",0.0654942989349365,0.0654987618327141,0.0797978043556213,0.134887307882309
"Urban",0.0803961977362633,0.0854935422539711,0.0906903892755508,0.14418537914753
"Urban",0.0743923559784889,0.079191692173481,0.0956973433494568,0.153481602668762
"Urban",0.0525999963283539,0.0558999925851822,0.0661999955773354,0.120999991893768
"Urban",0.0531999543309212,0.0570962354540825,0.103990659117699,0.131785243749619
"Urban",0.0706927999854088,0.079191692173481,0.117994904518127,0.178283080458641
"Urban",0.0543999001383781,0.059797041118145,0.0677924081683159,0.189182221889496
"Urban",0.0665947124361992,0.0660941451787949,0.0928980633616447,0.141882866621017
"Urban",0.0555965267121792,0.0567985586822033,0.090898223221302,0.140597507357597
"Urban",0.0851960480213165,0.0951933190226555,0.119098767638206,0.19818702340126
"Urban",0.06379184871912,0.0656971484422684,0.101582765579224,0.147377982735634
"Urban",0.0849969908595085,0.116596326231956,0.206993103027344,0.226281717419624
"Urban",0.102598048746586,0.0825944542884827,0.0987918972969055,0.172483533620834
"Urban",0.0907936170697212,0.0940948650240898,0.138590097427368,0.171987175941467
"Urban",0.0990975424647331,0.112192131578922,0.142284795641899,0.144681751728058
"Urban",0.0824933424592018,0.0976908877491951,0.135197684168816,0.22148685157299
"Urban",0.0903949588537216,0.0989973172545433,0.129887446761131,0.149081960320473
"Urban",0.0589919202029705,0.0811953842639923,0.122593104839325,0.198479369282722
"Urban",0.0610971935093403,0.0601987689733505,0.0771983563899994,0.142976835370064
"Urban",0.0669932141900063,0.0770910903811455,0.0850916355848312,0.211286693811417
"Urban",0.0493921488523483,0.055397342890501,0.0612988285720348,0.187185809016228
"Urban",0.108497999608517,0.122995175421238,0.141396626830101,0.170385405421257
"Urban",0.139395207166672,0.151494905352592,0.175292044878006,0.201379060745239
"Urban",0.0694970041513443,0.0841915458440781,0.102199696004391,0.21937569975853
"Urban",0.0448999926447868,0.0545999929308891,0.0766999945044518,0.209999993443489
"Urban",0.150496050715446,0.174196049571037,0.22439631819725,0.249288842082024
"Urban",0.0679981932044029,0.0668927580118179,0.0857958644628525,0.149780571460724
"Urban",0.118592865765095,0.125497430562973,0.187889382243156,0.274586170911789
"Urban",0.0879988148808479,0.104094311594963,0.133286699652672,0.147886276245117
"Urban",0.131796091794968,0.155297562479973,0.188591510057449,0.222198933362961
"Urban",0.0815921798348427,0.0780977010726929,0.0989836901426315,0.118098564445972
"Urban",0.0581991076469421,0.0555957779288292,0.0585953965783119,0.198975577950478
"Urban",0.0589919202029705,0.0663990080356598,0.0861958265304565,0.182479441165924
"Urban",0.0551927499473095,0.0640999674797058,0.0681838914752007,0.16748458147049
"Urban",0.0635000020265579,0.0691999942064285,0.0852999985218048,0.130300000309944
"Urban",0.073196567595005,0.072395995259285,0.109092928469181,0.138181567192078
"Urban",0.0701987743377686,0.068097896873951,0.0848919004201889,0.109297201037407
"Urban",0.0729930549860001,0.0851935297250748,0.101695574820042,0.157679557800293
"Urban",0.0501978471875191,0.0568978004157543,0.0735909938812256,0.169188261032104
"Urban",0.118693053722382,0.140496358275414,0.182296365499496,0.218180030584335
"Urban",0.081696055829525,0.0989973172545433,0.119194447994232,0.240081250667572
"Urban",0.113098338246346,0.132394850254059,0.174483090639114,0.180775538086891
"Urban",0.0719923675060272,0.068199560046196,0.0901945978403091,0.12678624689579
"Urban",0.0781915634870529,0.0837993696331978,0.0923855975270271,0.209887519478798
"Urban",0.0585976131260395,0.0672992765903473,0.0817971602082253,0.195478230714798
"Urban",0.0729930549860001,0.0800966396927834,0.0979921519756317,0.135778233408928
"Urban",0.0786983147263527,0.0845979824662209,0.109484635293484,0.164483353495598
"Urban",0.0558988079428673,0.0570962354540825,0.0808844640851021,0.132788628339767
"Urban",0.081397071480751,0.0923954024910927,0.145588144659996,0.180279418826103
"Urban",0.0592952035367489,0.0588919706642628,0.0720956847071648,0.13519224524498
"Urban",0.0519956834614277,0.0579917021095753,0.0702876970171928,0.191586002707481
"Urban",0.0605990402400494,0.0702905580401421,0.0816842317581177,0.200984910130501
"Urban",0.118294380605221,0.118290618062019,0.163094520568848,0.230898231267929
"Urban",0.111492082476616,0.121993310749531,0.185096278786659,0.248576939105988
"Urban",0.0673960298299789,0.078296110033989,0.106798253953457,0.132788628339767
"Urban",0.0738983750343323,0.0757985636591911,0.0898991003632545,0.0892795920372009
"Urban",0.0571941062808037,0.0545939020812511,0.0660974159836769,0.0647837296128273
"Urban",0.0700991675257683,0.0785962268710136,0.115491144359112,0.131480053067207
"Urban",0.0512999966740608,0.0590999945998192,0.0581000000238419,0.18359999358654
"Urban",0.0528983175754547,0.0566992349922657,0.0686924979090691,0.0972966104745865
"Urban",0.100098587572575,0.113393217325211,0.155784502625465,0.188279077410698
"Urban",0.0564966313540936,0.0583982467651367,0.0964886695146561,0.104187026619911
"Urban",0.0703980848193169,0.08099215477705,0.107493676245213,0.164991572499275
"Urban",0.0952946096658707,0.0875943675637245,0.0989836901426315,0.201086834073067
"Urban",0.0763938426971436,0.0788963213562965,0.0880995914340019,0.170576095581055
"Urban",0.049491748213768,0.0524932742118835,0.0607860945165157,0.160782471299171
"Urban",0.0617947727441788,0.0628995895385742,0.0681838914752007,0.139377295970917
"Urban",0.121594697237015,0.135095462203026,0.183192908763885,0.201086834073067
"Urban",0.09279515594244,0.132191926240921,0.240992069244385,0.27209284901619
"Urban",0.10819911211729,0.12309642881155,0.156990602612495,0.192476347088814
"Urban",0.0661960691213608,0.0743950605392456,0.114891216158867,0.169188261032104
"Urban",0.0741972401738167,0.0761954784393311,0.110188908874989,0.131186664104462
"Urban",0.0631982758641243,0.0662925913929939,0.11479576677084,0.148776546120644
"Urban",0.0637961253523827,0.06519865244627,0.0764857903122902,0.0865942761301994
"Urban",0.068998895585537,0.0736979693174362,0.113396212458611,0.205881416797638
"Urban",0.0637961253523827,0.0677930563688278,0.103486597537994,0.150087401270866
"Urban",0.0479928776621819,0.0430985018610954,0.054987832903862,0.0795754939317703
"Urban",0.118693053722382,0.138395875692368,0.171794667840004,0.2416962236166
"Urban",0.0636921748518944,0.0687949731945992,0.0809888541698456,0.162282854318619
"Urban",0.0568995103240013,0.0676914528012276,0.0681924447417259,0.187795713543892
"Urban",0.0530999973416328,0.0623999983072281,0.0674999952316284,0.200399994850159
"Urban",0.0946961641311646,0.105197675526142,0.131094455718994,0.159383207559586
"Urban",0.0706927999854088,0.0981985181570053,0.180788889527321,0.219998627901077
"Urban",0.0611968412995338,0.0632916614413261,0.0812843590974808,0.105889268219471
"Urban",0.105796046555042,0.127196073532104,0.159087970852852,0.225582376122475
"Urban",0.0846981033682823,0.0971969962120056,0.133286699652672,0.17937695980072
"Urban",0.0609933584928513,0.0589936040341854,0.0965842381119728,0.125589966773987
"Urban",0.0621975474059582,0.0696951895952225,0.072991281747818,0.193887710571289
"Urban",0.0851960480213165,0.0954937860369682,0.12619237601757,0.163376584649086
"Urban",0.0575999990105629,0.0653999969363213,0.0742999985814095,0.204199984669685
"Urban",0.0605990402400494,0.0676914528012276,0.0898991003632545,0.128083646297455
"Urban",0.0830956101417542,0.092293992638588,0.132886826992035,0.15498274564743
"Urban",0.0502974689006805,0.051694642752409,0.0609945990145206,0.108484037220478
"Urban",0.0459957830607891,0.0457944832742214,0.0552834458649158,0.0608915872871876
"Urban",0.110797993838787,0.127395510673523,0.153089210391045,0.201379060745239
"Urban",0.0469921678304672,0.0509976521134377,0.0470858104526997,0.174479961395264
"Urban",0.0720920562744141,0.0728945732116699,0.09248998016119,0.125476136803627
"Urban",0.0573999956250191,0.0629999935626984,0.121499992907047,0.163499996066093
"Urban",0.0585976131260395,0.0604988858103752,0.0757904127240181,0.126379296183586
"Urban",0.0665947124361992,0.0720958933234215,0.0743994042277336,0.215878024697304
"Urban",0.0755922868847847,0.0794963911175728,0.0965926870703697,0.0968970954418182
"Urban",0.0743966102600098,0.0794917419552803,0.108997508883476,0.164979308843613
"Urban",0.0651954710483551,0.0704986080527306,0.0999916642904282,0.159777477383614
"Urban",0.0579998530447483,0.0662925913929939,0.0825969055294991,0.122678220272064
"Urban",0.0669974833726883,0.0698984563350677,0.103086784482002,0.105889268219471
"Urban",0.0863959789276123,0.0945930629968643,0.119194447994232,0.164596751332283
"Urban",0.0645975098013878,0.0703921988606453,0.0800847634673119,0.217378988862038
"Urban",0.0644979104399681,0.0637998282909393,0.0903945192694664,0.13518063724041
"Urban",0.0585976131260395,0.0567913390696049,0.0731910839676857,0.0915937870740891
"Urban",0.0825971215963364,0.0933974534273148,0.114891216158867,0.174975901842117
"Urban",0.0834981724619865,0.0998933762311935,0.142396509647369,0.194981649518013
"Urban",0.0669974833726883,0.0893949940800667,0.142284795641899,0.213792055845261
"Urban",0.0507956594228745,0.0488921962678432,0.0820843353867531,0.11548063158989
"Urban",0.0889998227357864,0.102994978427887,0.121993519365788,0.203681349754333
"Urban",0.0841915085911751,0.102792307734489,0.143188819289207,0.213575959205627
"Urban",0.0901998355984688,0.115992113947868,0.16149465739727,0.199280887842178
"Urban",0.105496108531952,0.118594869971275,0.162798672914505,0.203299209475517
"Urban",0.0690985321998596,0.0664958208799362,0.117386974394321,0.153176680207253
"Urban",0.0597976073622704,0.0602955967187881,0.0754862651228905,0.118186488747597
"Urban",0.0911961272358894,0.107294023036957,0.13479046523571,0.183586537837982
"Urban",0.0855992659926414,0.092293992638588,0.124288998544216,0.145875915884972
"Urban",0.0830996558070183,0.0923908650875092,0.117891162633896,0.13769793510437
"Urban",0.101098895072937,0.110797770321369,0.142683565616608,0.143981829285622
"Urban",0.114893049001694,0.135598435997963,0.177691087126732,0.193887710571289
"Urban",0.0807992517948151,0.0749903470277786,0.0870998427271843,0.22349613904953
"Urban",0.0982960984110832,0.115792937576771,0.19339856505394,0.240386456251144
"Urban",0.0703980848193169,0.0663990080356598,0.0887865498661995,0.138779580593109
"Urban",0.0763978660106659,0.0781993046402931,0.0984965935349464,0.157781332731247
"Urban",0.139096572995186,0.147195130586624,0.150394096970558,0.1431804895401
"Urban",0.0572980232536793,0.0595937818288803,0.0825969055294991,0.119182497262955
"Urban",0.0844986736774445,0.117399707436562,0.172483414411545,0.220482185482979
"Urban",0.0383963361382484,0.0455939956009388,0.0450923070311546,0.179996341466904
"Urban",0.0640993192791939,0.0633933395147324,0.0921854898333549,0.14848418533802
"Urban",0.129795774817467,0.154096826910973,0.194590479135513,0.208183661103249
"Water",0.0477936007082462,0.0526965446770191,0.041096281260252,0.00851542316377163
"Water",0.0465936176478863,0.0488921962678432,0.0408876538276672,0.00731671648100019
"Water",0.0456968806684017,0.0526965446770191,0.0375843234360218,0.0113124018535018
"Water",0.0570944771170616,0.0621929615736008,0.052197303622961,0.0670981630682945
"Water",0.0501978471875191,0.0589984282851219,0.048893928527832,0.014409058727324
"Water",0.0455929189920425,0.0532967261970043,0.0396880693733692,0.00951434299349785
"Water",0.0857983753085136,0.124694377183914,0.130991473793983,0.0549785196781158
"Water",0.0392999947071075,0.0379999950528145,0.0283999983221292,0.0290000028908253
"Water",0.0451986864209175,0.0504990890622139,0.041096281260252,0.00911477580666542
"Water",0.0571983829140663,0.0704938396811485,0.0589953027665615,0.0288915168493986
"Water",0.0486989580094814,0.0509976521134377,0.04308707639575,0.0108129410073161
"Water",0.049491748213768,0.0567913390696049,0.0449907928705215,0.0126109998673201
"Water",0.0502974689006805,0.0532967261970043,0.0431826449930668,0.0183048509061337
"Water",0.0467972084879875,0.0547971650958061,0.0427913926541805,0.0103134829550982
"Water",0.0384970270097256,0.0357947275042534,0.0321859084069729,0.0343881733715534
"Water",0.0503971241414547,0.057197879999876,0.045694887638092,0.0125111099332571
"Water",0.0437951274216175,0.0541969984769821,0.0394880808889866,0.0203026942908764
"Water",0.0469921678304672,0.051394559442997,0.0407833606004715,0.0101136984303594
"Water",0.043595839291811,0.0499957278370857,0.0374886766076088,0.00711693242192268
"Water",0.0364953801035881,0.0410936698317528,0.0295872930437326,0.0388889759778976
"Water",0.0509949661791325,0.0604940764605999,0.0505891256034374,0.0409751236438751
"Water",0.0473993420600891,0.0517914444208145,0.0406877137720585,0.0103134829550982
"Water",0.0463986545801163,0.0536984466016293,0.0406877137720585,0.0200030189007521
"Water",0.0490975193679333,0.0575996115803719,0.044295322149992,0.0154079822823405
"Water",0.0503971241414547,0.0535919889807701,0.04308707639575,0.0130105670541525
"Water",0.0448954552412033,0.0520915314555168,0.0372887253761292,0.0158075504004955
"Water",0.0493921488523483,0.0541969984769821,0.0444952696561813,0.00971412751823664
"Water",0.0447914861142635,0.0535919889807701,0.0384883731603622,0.0110127283260226
"Water",0.0394977331161499,0.0370966978371143,0.032985657453537,0.0349845923483372
"Water",0.0452983230352402,0.0530982799828053,0.0390882082283497,0.00911477580666542
"Water",0.0452983230352402,0.0478999279439449,0.0399922393262386,0.0096142366528511
"Water",0.0473993420600891,0.0510992743074894,0.0414874851703644,0.00921466946601868
"Water",0.0467972084879875,0.0457993112504482,0.0412875600159168,0.0159074403345585
"Water",0.0479971803724766,0.0497972927987576,0.0409833006560802,0.00851542316377163
"Water",0.0447914861142635,0.0513993762433529,0.0378971882164478,0.00791607145220041
"Water",0.104096606373787,0.14739915728569,0.181297466158867,0.092587374150753
"Water",0.0466975755989552,0.0525997392833233,0.0423915237188339,0.0102135883644223
"Water",0.0723995342850685,0.0844963788986206,0.0866913124918938,0.0697944611310959
"Water",0.0717931389808655,0.0961998328566551,0.0919855087995529,0.038392324000597
"Water",0.0465936176478863,0.0538920797407627,0.0402878522872925,0.0102135883644223
"Water",0.0494960658252239,0.0592937096953392,0.0441996939480305,0.0124112153425813
"Water",0.0433922447264194,0.0484952889382839,0.0381927937269211,0.0266907885670662
"Water",0.0434918813407421,0.0528998114168644,0.0378971882164478,0.0182049609720707
"Water",0.0463986545801163,0.0525997392833233,0.0386883169412613,0.00851542316377163
"Water",0.0483914166688919,0.0530934818089008,0.042895745486021,0.0131104616448283
"Water",0.0473993420600891,0.0466995686292648,0.042895745486021,0.0396774373948574
"Water",0.0439944006502628,0.0526965446770191,0.0381927937269211,0.00991391483694315
"Water",0.0392984598875046,0.0357947275042534,0.031394824385643,0.0353792384266853
"Water",0.0482917837798595,0.0498989336192608,0.0423915237188339,0.0102135883644223
"Water",0.0425994694232941,0.0477934665977955,0.0406877137720585,0.0347822047770023
"Water",0.0448954552412033,0.0525997392833233,0.0372973792254925,0.00971412751823664
"Water",0.0477936007082462,0.0536984466016293,0.044295322149992,0.00911477580666542
"Water",0.0496953539550304,0.0615975856781006,0.0458861812949181,0.0118118636310101
"Water",0.0551927499473095,0.0701937898993492,0.0571958050131798,0.0281802769750357
"Water",0.103598676621914,0.14739453792572,0.183696255087852,0.0994818285107613
"Water",0.07989402115345,0.114297091960907,0.121993519365788,0.0965907573699951
"Water",0.0434918813407421,0.0550924502313137,0.0396966747939587,0.0135100288316607
"Water",0.0470961220562458,0.0438922978937626,0.0394880808889866,0.0189042072743177
"Water",0.0484996996819973,0.0498989336192608,0.0415917858481407,0.0096142366528511
"Water",0.0484953820705414,0.0522948205471039,0.04308707639575,0.0102135883644223
"Water",0.0590958259999752,0.0743950605392456,0.0740865916013718,0.0383817255496979
"Water",0.037997167557478,0.0396966710686684,0.029691020026803,0.0245908200740814
"Water",0.0456968806684017,0.0546955317258835,0.0386883169412613,0.00851542316377163
"Water",0.0571941062808037,0.0694966614246368,0.0605861619114876,0.032593160867691
"Water",0.0444925837218761,0.0451991334557533,0.0396966747939587,0.0529812574386597
"Water",0.0550930947065353,0.0722943693399429,0.0712873712182045,0.110391393303871
"Water",0.0489978678524494,0.0545987337827682,0.044599574059248,0.0121115418151021
"Water",0.0445965342223644,0.0525949113070965,0.0375843234360218,0.0102135883644223
"Water",0.0374999940395355,0.0356999933719635,0.025900000706315,0.0241999998688698
"Water",0.0487985834479332,0.0437906533479691,0.0394880808889866,0.0286859162151814
"Water",0.0481921583414078,0.0481951795518398,0.0440867207944393,0.0221007522195578
"Water",0.0447914861142635,0.0522948205471039,0.0396966747939587,0.0158075504004955
"Water",0.0832947418093681,0.120298534631729,0.119298920035362,0.0489873476326466
"Water",0.0483914166688919,0.0484952889382839,0.0414874851703644,0.0422969684004784
"Water",0.0445922166109085,0.0547971650958061,0.0392881371080875,0.0175057146698236
"Water",0.0485993400216103,0.0555957779288292,0.0456863082945347,0.0103134829550982
"Water",0.0450990572571754,0.0492987483739853,0.0392967909574509,0.0104133728891611
"Water",0.0444925837218761,0.0532967261970043,0.0381927937269211,0.0081158559769392
"Water",0.0482917837798595,0.0503974556922913,0.0405834428966045,0.00801596231758595
"Water",0.0392984598875046,0.0389940701425076,0.0327857285737991,0.0298846736550331
"Water",0.0427944213151932,0.0524932742118835,0.0360890999436378,0.0166066847741604
"Water",0.0456925630569458,0.0533983707427979,0.0426871702075005,0.0249766055494547
"Water",0.0487985834479332,0.0536984466016293,0.0434954911470413,0.0147087369114161
"Water",0.0401951968669891,0.0355914570391178,0.0332985781133175,0.0227999985218048
"Water",0.0369999930262566,0.0470999926328659,0.0370000004768372,0.224999979138374
"Water",0.0367999970912933,0.0362999960780144,0.0274999979883432,0.0241999998688698
"Water",0.0563969947397709,0.0701937898993492,0.0597863830626011,0.0291850864887238
"Water",0.0484953820705414,0.0586935132741928,0.0435998700559139,0.0131104616448283
"Water",0.0437951274216175,0.0526965446770191,0.0380971543490887,0.00971412751823664
"Water",0.046294704079628,0.0543906055390835,0.0396966747939587,0.0107130501419306
"Water",0.0460997484624386,0.0440955758094788,0.0396880693733692,0.0142092751339078
"Water",0.0442933030426502,0.0538920797407627,0.0378971882164478,0.0107130501419306
"Water",0.0429980009794235,0.0494923777878284,0.0381927937269211,0.03769276663661
"Water",0.0455929189920425,0.0505959093570709,0.0376886017620564,0.00831563957035542
"Water",0.0456925630569458,0.0417916774749756,0.0388882495462894,0.0198032353073359
"Water",0.0466975755989552,0.051694642752409,0.0409833006560802,0.00911477580666542
"Water",0.0804959461092949,0.115792937576771,0.116691321134567,0.0419806502759457
"Water",0.0469964891672134,0.0491971075534821,0.0447908602654934,0.0218010749667883
"Water",0.0459914654493332,0.0435970351099968,0.0380971543490887,0.014109380543232
"Water",0.0439944006502628,0.0544922687113285,0.0385840386152267,0.0106131564825773
"Water",0.0519956834614277,0.0673960447311401,0.0539881512522697,0.016906363889575
"Water",0.0459957830607891,0.0488921962678432,0.0400965064764023,0.00851542316377163
"Water",0.0453979633748531,0.0520963631570339,0.0391838178038597,0.0096142366528511
"Water",0.0441936701536179,0.0525949113070965,0.0386883169412613,0.0075165000744164
"Water",0.0462990291416645,0.0513993762433529,0.0412962213158607,0.00791607145220041
"Water",0.038393072783947,0.0370918922126293,0.032985657453537,0.0332915186882019
"Water",0.047295406460762,0.0509976521134377,0.0422958731651306,0.00931455940008163
"Water",0.0607940293848515,0.0776959806680679,0.0708875358104706,0.0349845923483372
"Water",0.0466975755989552,0.0510992743074894,0.0421829223632812,0.0103134829550982
"Water",0.0465936176478863,0.0488921962678432,0.0392967909574509,0.00761639419943094
"Water",0.0509949661791325,0.0546955317258835,0.0444952696561813,0.0143091687932611
"Water",0.0450990572571754,0.0520963631570339,0.0389838889241219,0.0120116481557488
"Water",0.0469921678304672,0.0495988316833973,0.0399836078286171,0.00911477580666542
"Water",0.0457964949309826,0.0487905479967594,0.0402878522872925,0.00821574591100216
"Water",0.0469964891672134,0.044390831142664,0.0396966747939587,0.0131104616448283
"Water",0.0478932335972786,0.051694642752409,0.0435998700559139,0.0158075504004955
"Water",0.0442933030426502,0.0520963631570339,0.0365846008062363,0.00671736430376768
"Water",0.049491748213768,0.0589936040341854,0.0444952696561813,0.0123113254085183
"Water",0.0473993420600891,0.049594022333622,0.0412875600159168,0.00921466946601868
"Water",0.0401951968669891,0.0349912419915199,0.0321859084069729,0.0179052837193012
"Water",0.0381999984383583,0.0358999967575073,0.0270999986678362,0.0229000002145767
"Water",0.0386999994516373,0.0376999974250793,0.0279999990016222,0.0268999971449375
"Water",0.0487985834479332,0.0530982799828053,0.0432869531214237,0.0152081940323114
"Water",0.0456925630569458,0.0523916333913803,0.0381927937269211,0.00861531402915716
"Water",0.043595839291811,0.0530934818089008,0.0388882495462894,0.0108129410073161
"Water",0.0552966445684433,0.0690998360514641,0.0646978616714478,0.131378218531609
"Water",0.0469921678304672,0.0481903739273548,0.0421915352344513,0.0171061474829912
"Water",0.0437951274216175,0.0507991872727871,0.0380885228514671,0.00801596231758595
"Water",0.0469964891672134,0.0448942221701145,0.0394880808889866,0.0160073339939117
"Water",0.0422962196171284,0.0495988316833973,0.0362890660762787,0.0100138047710061
"Water",0.0412955358624458,0.0390908606350422,0.0329943411052227,0.0302807986736298
"Water",0.0444925837218761,0.0503974556922913,0.0372887253761292,0.0096142366528511
"Water",0.046294704079628,0.0536936409771442,0.0396966747939587,0.0125111099332571
"Water",0.0463986545801163,0.0492987483739853,0.0396966747939587,0.00781617779284716
"Water",0.0476939640939236,0.0499957278370857,0.0426957830786705,0.0126109998673201
"Water",0.0479928776621819,0.0502909906208515,0.0427913926541805,0.0105132665485144
"Water",0.0455929189920425,0.049695648252964,0.0402878522872925,0.00971412751823664
"Water",0.0511942431330681,0.0570962354540825,0.0462860576808453,0.0119117544963956
"Water",0.0437951274216175,0.0536936409771442,0.0380971543490887,0.016906363889575
"Water",0.0442933030426502,0.0446909219026566,0.044295322149992,0.113380536437035
"Water",0.0442976281046867,0.0518930852413177,0.0399922393262386,0.0220008622854948
"Water",0.0451986864209175,0.0517914444208145,0.0381927937269211,0.0166066847741604
"Water",0.0672963261604309,0.0764956101775169,0.0718957483768463,0.0799835324287415
"Water",0.0534999966621399,0.0763999968767166,0.101099997758865,0.11939999461174
"Water",0.0460997484624386,0.0439987741410732,0.039496760815382,0.0159074403345585
"Water",0.0487985834479332,0.0509976521134377,0.04308707639575,0.0102135883644223
"Water",0.0470961220562458,0.0552956759929657,0.0417830646038055,0.0128107834607363
"Water",0.0401951968669891,0.0414964109659195,0.0376972518861294,0.101782068610191
"Water",0.0469921678304672,0.0524932742118835,0.0392881371080875,0.00971412751823664
"Water",0.0905981957912445,0.137593492865562,0.148498967289925,0.0584869496524334
"Water",0.0450990572571754,0.0530934818089008,0.0374886766076088,0.0165067948400974
"Water",0.0568995103240013,0.0727929249405861,0.0602992214262486,0.0405812598764896
"Water",0.0498989336192608,0.057197879999876,0.045095082372427,0.0121115418151021
"Water",0.0466975755989552,0.0536936409771442,0.0404877886176109,0.0108129410073161
"Water",0.0473950579762459,0.0539985150098801,0.0406877137720585,0.0142092751339078
"Water",0.0599926151335239,0.0794963911175728,0.0704875439405441,0.0342856161296368
"Water",0.0481921583414078,0.051694642752409,0.0433999300003052,0.0130105670541525
"Water",0.0497949980199337,0.0545939020812511,0.0426871702075005,0.0142092751339078
"Water",0.0428983792662621,0.0526965446770191,0.0374886766076088,0.0096142366528511
"Water",0.0363999977707863,0.0358999967575073,0.0268000010401011,0.0234999991953373
"Water",0.0375999957323074,0.0369999930262566,0.0264999996870756,0.0240000002086163
"Water",0.0439944006502628,0.0465931072831154,0.0443996377289295,0.17928758263588
"Water",0.0999985486268997,0.147098064422607,0.175187364220619,0.0804783627390862
"Water",0.0469921678304672,0.04549440741539,0.0396966747939587,0.0418781116604805
"Water",0.0522988587617874,0.0658908486366272,0.0527885258197784,0.0157076567411423
"Water",0.0460997484624386,0.0440955758094788,0.0392967909574509,0.0132103553041816
"Water",0.0478932335972786,0.0525997392833233,0.0427913926541805,0.0124112153425813
"Water",0.0455929189920425,0.0509928315877914,0.0386883169412613,0.00741661014035344
"Water",0.054299995303154,0.0715999975800514,0.0712999999523163,0.0554999969899654
"Water",0.0533992126584053,0.0632916614413261,0.059299498796463,0.0311912037432194
"Water",0.0487985834479332,0.0552908778190613,0.0426957830786705,0.00971412751823664
"Water",0.0525978058576584,0.0518930852413177,0.0491896197199821,0.0268945880234241
"Water",0.0467972084879875,0.0492987483739853,0.0392881371080875,0.00861531402915716
"Water",0.0444925837218761,0.0525949113070965,0.0396966747939587,0.0125111099332571
"Water",0.0432926006615162,0.0526965446770191,0.038384061306715,0.0165067948400974
"Water",0.0452983230352402,0.0525949113070965,0.0385840386152267,0.0118118636310101
"Water",0.0476939640939236,0.0484952889382839,0.0423915237188339,0.0188043117523193
"Water",0.0497949980199337,0.0538968965411186,0.0438954345881939,0.0105132665485144
"Water",0.0497993156313896,0.049594022333622,0.0456863082945347,0.0392950214445591
"Water",0.0422919020056725,0.0498989336192608,0.0390882082283497,0.0383817255496979
"Water",0.044995091855526,0.0543906055390835,0.0386883169412613,0.00791607145220041
"Water",0.0494960658252239,0.0538920797407627,0.0443996377289295,0.0132103553041816
"Water",0.0523985214531422,0.0632916614413261,0.0549964904785156,0.032886914908886
"Water",0.0444925837218761,0.0524932742118835,0.0391838178038597,0.0102135883644223
"Water",0.0627997294068336,0.0768973454833031,0.0694878920912743,0.0346804559230804
"Water",0.0626957714557648,0.0658956319093704,0.0556918643414974,0.0471818223595619
"Water",0.050098218023777,0.0581997856497765,0.044295322149992,0.0130105670541525
"Water",0.0479971803724766,0.0563992522656918,0.0433999300003052,0.0104133728891611
"Water",0.0430976562201977,0.0545987337827682,0.0381927937269211,0.0102135883644223
"Water",0.0444925837218761,0.050295814871788,0.0372887253761292,0.00861531402915716
"Water",0.0522945821285248,0.0594921410083771,0.0550920851528645,0.0941873863339424
"Water",0.0522945821285248,0.0637998282909393,0.0508933626115322,0.0159074403345585
"Water",0.0607940293848515,0.0774927213788033,0.0662888139486313,0.0415976867079735
"Water",0.0573976822197437,0.0686933547258377,0.0563960187137127,0.0482751280069351
"Water",0.049491748213768,0.0532918907701969,0.0438954345881939,0.0119117544963956
"Water",0.0442976281046867,0.0545987337827682,0.0419829823076725,0.0258902329951525
"Water",0.0488982498645782,0.0524932742118835,0.0433912761509418,0.0113124018535018
"Water",0.100497081875801,0.14539098739624,0.182696342468262,0.0993806272745132
"Water",0.050098218023777,0.0545939020812511,0.0443996377289295,0.0176056083291769
"Water",0.0469964891672134,0.0446957610547543,0.0399836078286171,0.0411905646324158
